<?xml version="1.0" encoding="UTF-8"?>
<launch4jConfig>
  <dontWrapJar>false</dontWrapJar>
  <headerType>gui</headerType>
  <jar>C:\Users\alienware\OneDrive\Documents\Programming\CMPS277_GUI\Songs_Database_GUI\Songs_GUI\target\Songs_GUI-1.0-SNAPSHOT-jar-with-dependencies.jar</jar>
  <outfile>C:\Users\alienware\OneDrive\Documents\Programming\CMPS277_GUI\Songs_Database.exe</outfile>
  <errTitle>Download newest java version for app to work</errTitle>
  <cmdLine></cmdLine>
  <chdir>.</chdir>
  <priority>normal</priority>
  <downloadUrl>http://java.com/download</downloadUrl>
  <supportUrl></supportUrl>
  <stayAlive>false</stayAlive>
  <restartOnCrash>false</restartOnCrash>
  <manifest></manifest>
  <icon></icon>
  <singleInstance>
    <mutexName>single</mutexName>
    <windowTitle></windowTitle>
  </singleInstance>
  <jre>
    <path></path>
    <bundledJre64Bit>false</bundledJre64Bit>
    <bundledJreAsFallback>false</bundledJreAsFallback>
    <minVersion>1.8</minVersion>
    <maxVersion></maxVersion>
    <jdkPreference>preferJre</jdkPreference>
    <runtimeBits>64/32</runtimeBits>
  </jre>
  <versionInfo>
    <fileVersion>1.0.0.0</fileVersion>
    <txtFileVersion>1.0.0.0</txtFileVersion>
    <fileDescription>Songs Database 277 Project</fileDescription>
    <copyright>Copyright(C)2022</copyright>
    <productVersion>1.0.0.0</productVersion>
    <txtProductVersion>1.0.0.0</txtProductVersion>
    <productName>Songs DB</productName>
    <companyName></companyName>
    <internalName>Songs DB</internalName>
    <originalFilename>Songs_Database.exe</originalFilename>
    <trademarks></trademarks>
    <language>ENGLISH_US</language>
  </versionInfo>
</launch4jConfig>